Video ID,Time (s),Center X,Center Y,Radius
62,8.6,664,542,50
62,12.7,1118,338,55
62,12.733333333333333,1118,338,55
62,14.766666666666667,802,540,50
62,38.6,738,502,54
62,38.766666666666666,222,468,61
