Video ID,Time (s),Center X,Center Y,Radius
58,25.466666666666665,758,464,51
58,26.566666666666666,222,614,61
58,26.633333333333333,212,586,63
58,37.7,212,196,62
58,43.2,892,640,54
