Video ID,Time (s),Center X,Center Y,Radius
72,11.733333333333333,1026,288,52
72,11.766666666666667,1026,288,53
72,13.833333333333334,880,268,53
