Video ID,Time (s),Center X,Center Y,Radius
69,12.833333333333334,744,552,62
69,13.0,658,474,67
69,13.1,748,464,63
69,13.233333333333333,742,446,55
69,13.4,662,362,55
69,13.7,664,262,56
69,15.433333333333334,932,206,51
69,16.4,746,216,61
69,16.5,666,252,64
69,16.633333333333333,746,158,57
69,16.733333333333334,932,144,62
69,16.8,664,200,58
69,20.133333333333333,726,382,62
69,52.93333333333333,252,282,53
69,53.46666666666667,248,554,61
